{"competitor_groups": [["./result/simple_spread_epc/stage-1/seed-0", "att-maddpg"]], "baseline_groups": [["./result/simple_spread_epc/stage-1/seed-0", "att-maddpg"], ["./result/simple_spread_epc/stage-1/seed-1", "att-maddpg"], ["./result/simple_spread_epc/stage-1/seed-2", "att-maddpg"], ["./result/simple_spread_epc/stage-1/seed-3", "att-maddpg"], ["./result/simple_spread_epc/stage-1/seed-4", "att-maddpg"], ["./result/simple_spread_epc/stage-1/seed-5", "att-maddpg"]], "competitor_wolf_scores": [[0.0, 0.0, 0.0, 0.0, 0.0, 0.0]], "competitor_wolf_tg": [[0.0, 0.0, 0.0, 0.0, 0.0, 0.0]], "competitor_wolf_tl": [[0.0, 0.0, 0.0, 0.0, 0.0, 0.0]], "competitor_sheep_scores": [[0.0, 0.0, 0.0, 0.0, 0.0, 0.0]], "competitor_sheep_tg": [[0.0, 0.0, 0.0, 0.0, 0.0, 0.0]], "competitor_sheep_tl": [[0.0, 0.0, 0.0, 0.0, 0.0, 0.0]], "baseline_wolf_scores": [[0.0], [0.0], [0.0], [0.0], [0.0], [0.0]], "baseline_wolf_tg": [[0.0], [0.0], [0.0], [0.0], [0.0], [0.0]], "baseline_wolf_tl": [[0.0], [0.0], [0.0], [0.0], [0.0], [0.0]], "baseline_sheep_scores": [[-831.9935658139458], [-832.2541057249236], [-826.7782998495666], [-833.1598039719571], [-831.3168897247109], [-831.9156540531641]], "baseline_sheep_tg": [[6.83436], [6.716153333333334], [6.992746666666666], [6.4547], [6.78426], [6.636253333333333]], "baseline_sheep_tl": [[0.0], [0.0], [0.0], [0.0], [0.0], [0.0]], "detailed_reports": [{"wolf": {}, "sheep": {"id": 0, "side": "baseline", "load_dir": "./result/simple_spread_epc/stage-1/seed-0", "model": "att-maddpg", "sum_score": -831.9935658139458, "ind_score": [-137.84286738665568, -138.07473755416703, -140.9513174552682, -139.47709556584908, -137.91149262918606, -137.73605522281972], "avg_tg": 6.83436, "avg_tl": 0.0}}, {"wolf": {}, "sheep": {"id": 1, "side": "baseline", "load_dir": "./result/simple_spread_epc/stage-1/seed-1", "model": "att-maddpg", "sum_score": -832.2541057249236, "ind_score": [-140.4054023080651, -138.15672073239887, -138.58067800293992, -139.87031710111256, -139.27140182200466, -135.96958575840262], "avg_tg": 6.716153333333334, "avg_tl": 0.0}}, {"wolf": {}, "sheep": {"id": 2, "side": "baseline", "load_dir": "./result/simple_spread_epc/stage-1/seed-2", "model": "att-maddpg", "sum_score": -826.7782998495666, "ind_score": [-136.95169926998807, -139.02200596514757, -138.27023368847426, -136.9226840452161, -138.2199188788088, -137.3917580019317], "avg_tg": 6.992746666666666, "avg_tl": 0.0}}, {"wolf": {}, "sheep": {"id": 3, "side": "baseline", "load_dir": "./result/simple_spread_epc/stage-1/seed-3", "model": "att-maddpg", "sum_score": -833.1598039719571, "ind_score": [-139.99887847700586, -140.19789070948565, -134.66761985774284, -143.88732559372647, -137.06724521231524, -137.34084412168102], "avg_tg": 6.4547, "avg_tl": 0.0}}, {"wolf": {}, "sheep": {"id": 4, "side": "baseline", "load_dir": "./result/simple_spread_epc/stage-1/seed-4", "model": "att-maddpg", "sum_score": -831.3168897247109, "ind_score": [-137.06768262375604, -139.26600290915323, -138.16389367441505, -138.2891897810663, -137.54459587705932, -140.98552485926098], "avg_tg": 6.78426, "avg_tl": 0.0}}, {"wolf": {}, "sheep": {"id": 5, "side": "baseline", "load_dir": "./result/simple_spread_epc/stage-1/seed-5", "model": "att-maddpg", "sum_score": -831.9156540531641, "ind_score": [-137.96140506877956, -137.62517061277202, -139.60670818456984, -136.15890610196166, -139.4427966421218, -141.1206674429592], "avg_tg": 6.636253333333333, "avg_tl": 0.0}}]}