{"competitor_groups": [["./result/simple_spread_epc/stage-0/seed-0", "att-maddpg"]], "baseline_groups": [["./result/simple_spread_epc/stage-0/seed-0", "att-maddpg"], ["./result/simple_spread_epc/stage-0/seed-1", "att-maddpg"], ["./result/simple_spread_epc/stage-0/seed-2", "att-maddpg"], ["./result/simple_spread_epc/stage-0/seed-3", "att-maddpg"], ["./result/simple_spread_epc/stage-0/seed-4", "att-maddpg"], ["./result/simple_spread_epc/stage-0/seed-5", "att-maddpg"]], "competitor_wolf_scores": [[0.0, 0.0, 0.0, 0.0, 0.0, 0.0]], "competitor_wolf_tg": [[0.0, 0.0, 0.0, 0.0, 0.0, 0.0]], "competitor_wolf_tl": [[0.0, 0.0, 0.0, 0.0, 0.0, 0.0]], "competitor_sheep_scores": [[0.0, 0.0, 0.0, 0.0, 0.0, 0.0]], "competitor_sheep_tg": [[0.0, 0.0, 0.0, 0.0, 0.0, 0.0]], "competitor_sheep_tl": [[0.0, 0.0, 0.0, 0.0, 0.0, 0.0]], "baseline_wolf_scores": [[0.0], [0.0], [0.0], [0.0], [0.0], [0.0]], "baseline_wolf_tg": [[0.0], [0.0], [0.0], [0.0], [0.0], [0.0]], "baseline_wolf_tl": [[0.0], [0.0], [0.0], [0.0], [0.0], [0.0]], "baseline_sheep_scores": [[-176.17094826499405], [-183.38833155239638], [-180.18506694557067], [-179.22802525589302], [-182.2878381691128], [-180.72842832140532]], "baseline_sheep_tg": [[4.800306666666667], [5.536793333333333], [4.81718], [4.717826666666666], [4.7715000000000005], [4.8171]], "baseline_sheep_tl": [[0.0], [0.0], [0.0], [0.0], [0.0], [0.0]], "detailed_reports": [{"wolf": {}, "sheep": {"id": 0, "side": "baseline", "load_dir": "./result/simple_spread_epc/stage-0/seed-0", "model": "att-maddpg", "sum_score": -176.17094826499405, "ind_score": [-57.696888357993515, -59.23931320435728, -59.234746702643285], "avg_tg": 4.800306666666667, "avg_tl": 0.0}}, {"wolf": {}, "sheep": {"id": 1, "side": "baseline", "load_dir": "./result/simple_spread_epc/stage-0/seed-1", "model": "att-maddpg", "sum_score": -183.38833155239638, "ind_score": [-60.600719049596584, -59.41398229087781, -63.37363021192197], "avg_tg": 5.536793333333333, "avg_tl": 0.0}}, {"wolf": {}, "sheep": {"id": 2, "side": "baseline", "load_dir": "./result/simple_spread_epc/stage-0/seed-2", "model": "att-maddpg", "sum_score": -180.18506694557067, "ind_score": [-60.47180311391516, -60.51216119527709, -59.20110263637838], "avg_tg": 4.81718, "avg_tl": 0.0}}, {"wolf": {}, "sheep": {"id": 3, "side": "baseline", "load_dir": "./result/simple_spread_epc/stage-0/seed-3", "model": "att-maddpg", "sum_score": -179.22802525589302, "ind_score": [-60.67283254352197, -61.84928938646409, -56.705903325906924], "avg_tg": 4.717826666666666, "avg_tl": 0.0}}, {"wolf": {}, "sheep": {"id": 4, "side": "baseline", "load_dir": "./result/simple_spread_epc/stage-0/seed-4", "model": "att-maddpg", "sum_score": -182.2878381691128, "ind_score": [-60.499473886216954, -60.907359791025605, -60.88100449187026], "avg_tg": 4.7715000000000005, "avg_tl": 0.0}}, {"wolf": {}, "sheep": {"id": 5, "side": "baseline", "load_dir": "./result/simple_spread_epc/stage-0/seed-5", "model": "att-maddpg", "sum_score": -180.72842832140532, "ind_score": [-61.49303681665577, -59.454759758389805, -59.78063174635973], "avg_tg": 4.8171, "avg_tl": 0.0}}]}