{"competitor_groups": [["./result/simple_spread_epc/stage-2/seed-0", "att-maddpg"]], "baseline_groups": [["./result/simple_spread_epc/stage-2/seed-0", "att-maddpg"], ["./result/simple_spread_epc/stage-2/seed-1", "att-maddpg"], ["./result/simple_spread_epc/stage-2/seed-2", "att-maddpg"], ["./result/simple_spread_epc/stage-2/seed-3", "att-maddpg"], ["./result/simple_spread_epc/stage-2/seed-4", "att-maddpg"], ["./result/simple_spread_epc/stage-2/seed-5", "att-maddpg"]], "competitor_wolf_scores": [[0.0, 0.0, 0.0, 0.0, 0.0, 0.0]], "competitor_wolf_tg": [[0.0, 0.0, 0.0, 0.0, 0.0, 0.0]], "competitor_wolf_tl": [[0.0, 0.0, 0.0, 0.0, 0.0, 0.0]], "competitor_sheep_scores": [[0.0, 0.0, 0.0, 0.0, 0.0, 0.0]], "competitor_sheep_tg": [[0.0, 0.0, 0.0, 0.0, 0.0, 0.0]], "competitor_sheep_tl": [[0.0, 0.0, 0.0, 0.0, 0.0, 0.0]], "baseline_wolf_scores": [[0.0], [0.0], [0.0], [0.0], [0.0], [0.0]], "baseline_wolf_tg": [[0.0], [0.0], [0.0], [0.0], [0.0], [0.0]], "baseline_wolf_tl": [[0.0], [0.0], [0.0], [0.0], [0.0], [0.0]], "baseline_sheep_scores": [[-3556.2194148515314], [-3561.787737791113], [-3559.3179446058057], [-3554.898086082707], [-3563.676445480284], [-3559.182606848922]], "baseline_sheep_tg": [[9.680286666666666], [9.70964], [9.44228], [9.435319999999999], [9.263046666666666], [9.324443333333333]], "baseline_sheep_tl": [[0.0], [0.0], [0.0], [0.0], [0.0], [0.0]], "detailed_reports": [{"wolf": {}, "sheep": {"id": 0, "side": "baseline", "load_dir": "./result/simple_spread_epc/stage-2/seed-0", "model": "att-maddpg", "sum_score": -3556.2194148515314, "ind_score": [-295.90542429955843, -295.736907458591, -295.64575933802763, -295.669360641, -298.8574366868299, -298.1795497271489, -296.899840770912, -294.06006567615697, -294.9765894030248, -296.3092933656407, -297.33778342020497, -296.64140406443613], "avg_tg": 9.680286666666666, "avg_tl": 0.0}}, {"wolf": {}, "sheep": {"id": 1, "side": "baseline", "load_dir": "./result/simple_spread_epc/stage-2/seed-1", "model": "att-maddpg", "sum_score": -3561.787737791113, "ind_score": [-293.7059194309694, -296.2835909361754, -296.2492714358791, -296.38452893941854, -296.3510496807322, -298.6238754259106, -299.40652533371934, -297.36192827065094, -295.1649905988851, -295.1286778342824, -299.1175103798528, -298.0098695246377], "avg_tg": 9.70964, "avg_tl": 0.0}}, {"wolf": {}, "sheep": {"id": 2, "side": "baseline", "load_dir": "./result/simple_spread_epc/stage-2/seed-2", "model": "att-maddpg", "sum_score": -3559.3179446058057, "ind_score": [-297.4998128289769, -295.0245325125748, -293.34288402063095, -296.11711586360275, -296.95970464441297, -298.13440669977126, -295.1258686211825, -299.8716894428752, -296.8526954031088, -295.22051386771386, -298.3221020542159, -296.84661864673956], "avg_tg": 9.44228, "avg_tl": 0.0}}, {"wolf": {}, "sheep": {"id": 3, "side": "baseline", "load_dir": "./result/simple_spread_epc/stage-2/seed-3", "model": "att-maddpg", "sum_score": -3554.898086082707, "ind_score": [-298.3135312142105, -296.1981831904928, -295.58654809805233, -292.1470505030694, -295.43395693968444, -297.85024875090306, -297.0549832837205, -298.1682523759973, -293.28332220839013, -293.34933235814606, -298.4033457382365, -299.10933142180403], "avg_tg": 9.435319999999999, "avg_tl": 0.0}}, {"wolf": {}, "sheep": {"id": 4, "side": "baseline", "load_dir": "./result/simple_spread_epc/stage-2/seed-4", "model": "att-maddpg", "sum_score": -3563.676445480284, "ind_score": [-295.12565634391035, -295.185264292139, -292.1744629337139, -292.30988728433937, -315.6521594182745, -294.05068040379336, -293.97657703474215, -297.0737839466052, -298.0436720622021, -296.6709256234933, -296.72859954862344, -296.68477658844756], "avg_tg": 9.263046666666666, "avg_tl": 0.0}}, {"wolf": {}, "sheep": {"id": 5, "side": "baseline", "load_dir": "./result/simple_spread_epc/stage-2/seed-5", "model": "att-maddpg", "sum_score": -3559.182606848922, "ind_score": [-292.1355302059115, -295.0859190511998, -293.2526003868211, -304.0945514674489, -294.71375303444137, -300.3386318843901, -292.7512736497933, -296.96869973150564, -301.3016372450565, -296.0408217704713, -297.7732896932825, -294.7258987286007], "avg_tg": 9.324443333333333, "avg_tl": 0.0}}]}